{
    "Agent": {
        "total": 0.00020480004604905844
    },
    "Env": {
        "apply_act": 0.027035199804231524,
        "observation_computation": 0.009142499882727861,
        "powerflow_computation": 0.3565764998784289,
        "total": 0.39275419956538826
    },
    "total": 0.39692219998687506
}