{
    "Agent": {
        "total": 5.659996531903744e-05
    },
    "Env": {
        "apply_act": 0.008585000061430037,
        "observation_computation": 0.0014109000330790877,
        "powerflow_computation": 0.16386900003999472,
        "total": 0.17386490013450384
    },
    "total": 0.17505109997000545
}