{
    "Agent": {
        "total": 0.00015790003817528486
    },
    "Env": {
        "apply_act": 0.023525199969299138,
        "observation_computation": 0.006807600031606853,
        "powerflow_computation": 0.3530138999922201,
        "total": 0.3833466999931261
    },
    "total": 0.38653199991676956
}