{
    "Agent": {
        "total": 7.71998893469572e-05
    },
    "Env": {
        "apply_act": 0.012189999921247363,
        "observation_computation": 0.0028672999469563365,
        "powerflow_computation": 0.17026399995665997,
        "total": 0.18532129982486367
    },
    "total": 0.18694490008056164
}