{
    "Agent": {
        "total": 0.0002482999116182327
    },
    "Env": {
        "apply_act": 0.035753600066527724,
        "observation_computation": 0.01114850037265569,
        "powerflow_computation": 0.45551789982710034,
        "total": 0.5024200002662838
    },
    "total": 0.5076018000254408
}