{
    "Agent": {
        "total": 0.00017230003140866756
    },
    "Env": {
        "apply_act": 0.026672399952076375,
        "observation_computation": 0.007850600057281554,
        "powerflow_computation": 0.35356630000751466,
        "total": 0.3880893000168726
    },
    "total": 0.3917284000199288
}