{
    "Agent": {
        "total": 0.00030010007321834564
    },
    "Env": {
        "apply_act": 0.0387364998459816,
        "observation_computation": 0.015721399802714586,
        "powerflow_computation": 0.4743229999439791,
        "total": 0.5287808995926753
    },
    "total": 0.5348043000558391
}