{
    "Agent": {
        "total": 0.0001632998464629054
    },
    "Env": {
        "apply_act": 0.019901000196114182,
        "observation_computation": 0.006388700217939913,
        "powerflow_computation": 0.33672850008588284,
        "total": 0.36301820049993694
    },
    "total": 0.3665977999335155
}