{
    "Agent": {
        "total": 0.0001767999492585659
    },
    "Env": {
        "apply_act": 0.023846100200898945,
        "observation_computation": 0.007272100076079369,
        "powerflow_computation": 0.329670799896121,
        "total": 0.36078900017309934
    },
    "total": 0.36419330001808703
}